{"nm":"Home","ddd":0,"h":600,"w":800,"meta":{"g":"@lottiefiles/toolkit-js 0.26.1"},"layers":[{"ty":4,"nm":"User Outlines 2","sr":1,"st":0,"op":180.00000733155,"ip":0,"hd":false,"ddd":0,"bm":0,"hasMask":false,"ao":0,"ks":{"a":{"a":0,"k":[400,300,0],"ix":1},"s":{"a":0,"k":[130,130,100],"ix":6},"sk":{"a":0,"k":0},"p":{"a":0,"k":[398,268,0],"ix":2},"r":{"a":0,"k":0,"ix":10},"sa":{"a":0,"k":0},"o":{"a":0,"k":100,"ix":11}},"ef":[],"shapes":[{"ty":"gr","bm":0,"hd":false,"mn":"ADBE Vector Group","nm":"Group 1","ix":1,"cix":2,"np":2,"it":[{"ty":"sh","bm":0,"hd":false,"mn":"ADBE Vector Shape - Group","nm":"Path 1","ix":1,"d":1,"ks":{"a":0,"k":{"c":true,"i":[[0,-44.735],[44.735,0],[0,44.735],[-44.735,0]],"o":[[0,44.735],[-44.735,0],[0,-44.735],[44.735,0]],"v":[[81,0],[0,81],[-81,0],[0,-81]]},"ix":2}},{"ty":"tr","a":{"a":0,"k":[0,0],"ix":1},"s":{"a":0,"k":[100,100],"ix":3},"sk":{"a":0,"k":0,"ix":4},"p":{"a":0,"k":[409,243],"ix":2},"r":{"a":0,"k":0,"ix":6},"sa":{"a":0,"k":0,"ix":5},"o":{"a":0,"k":100,"ix":7}}]},{"ty":"gr","bm":0,"hd":false,"mn":"ADBE Vector Group","nm":"Group 2","ix":2,"cix":2,"np":2,"it":[{"ty":"sh","bm":0,"hd":false,"mn":"ADBE Vector Shape - Group","nm":"Path 1","ix":1,"d":1,"ks":{"a":0,"k":{"c":true,"i":[[43.159,0],[42.826,0.005],[-0.446,7.027],[-42.704,0.151],[-38.16,-0.156],[-2.469,-42.176],[7.029,-0.001]],"o":[[-42.826,0],[-7.023,-0.001],[2.709,-42.642],[38.16,-0.135],[42.234,0.173],[0.416,7.1],[-43.16,0.005]],"v":[[-0.475,41.412],[-128.953,41.409],[-136.24,33.607],[-56.984,-41.265],[57.496,-41.258],[136.269,33.589],[129.003,41.409]]},"ix":2}},{"ty":"tr","a":{"a":0,"k":[0,0],"ix":1},"s":{"a":0,"k":[100,100],"ix":3},"sk":{"a":0,"k":0,"ix":4},"p":{"a":0,"k":[408.969,432.427],"ix":2},"r":{"a":0,"k":0,"ix":6},"sa":{"a":0,"k":0,"ix":5},"o":{"a":0,"k":100,"ix":7}}]},{"ty":"tm","bm":0,"hd":false,"mn":"ADBE Vector Filter - Trim","nm":"Trim Paths 1","ix":3,"e":{"a":0,"k":100,"ix":2},"o":{"a":0,"k":0,"ix":3},"s":{"a":1,"k":[{"o":{"x":0.167,"y":0.167},"i":{"x":0.833,"y":0.833},"s":[100],"t":0},{"s":[0],"t":30.0000012219251}],"ix":1},"m":1},{"ty":"st","bm":0,"hd":false,"mn":"ADBE Vector Graphic - Stroke","nm":"Stroke 1","lc":2,"lj":1,"ml":4,"o":{"a":0,"k":100,"ix":4},"w":{"a":0,"k":30,"ix":5},"c":{"a":0,"k":[1,1,1],"ix":3}}],"ind":1},{"ty":4,"nm":"User Outlines","sr":1,"st":0,"op":180.00000733155,"ip":0,"hd":false,"ddd":0,"bm":0,"hasMask":false,"ao":0,"ks":{"a":{"a":0,"k":[400,300,0],"ix":1},"s":{"a":0,"k":[130,130,100],"ix":6},"sk":{"a":0,"k":0},"p":{"a":0,"k":[398,268,0],"ix":2},"r":{"a":0,"k":0,"ix":10},"sa":{"a":0,"k":0},"o":{"a":0,"k":100,"ix":11}},"ef":[],"shapes":[{"ty":"gr","bm":0,"hd":false,"mn":"ADBE Vector Group","nm":"Group 1","ix":1,"cix":2,"np":2,"it":[{"ty":"sh","bm":0,"hd":false,"mn":"ADBE Vector Shape - Group","nm":"Path 1","ix":1,"d":1,"ks":{"a":0,"k":{"c":true,"i":[[0,-44.735],[44.735,0],[0,44.735],[-44.735,0]],"o":[[0,44.735],[-44.735,0],[0,-44.735],[44.735,0]],"v":[[81,0],[0,81],[-81,0],[0,-81]]},"ix":2}},{"ty":"tr","a":{"a":0,"k":[0,0],"ix":1},"s":{"a":0,"k":[100,100],"ix":3},"sk":{"a":0,"k":0,"ix":4},"p":{"a":0,"k":[409,243],"ix":2},"r":{"a":0,"k":0,"ix":6},"sa":{"a":0,"k":0,"ix":5},"o":{"a":0,"k":100,"ix":7}}]},{"ty":"gr","bm":0,"hd":false,"mn":"ADBE Vector Group","nm":"Group 2","ix":2,"cix":2,"np":2,"it":[{"ty":"sh","bm":0,"hd":false,"mn":"ADBE Vector Shape - Group","nm":"Path 1","ix":1,"d":1,"ks":{"a":0,"k":{"c":true,"i":[[43.159,0],[42.826,0.005],[-0.446,7.027],[-42.704,0.151],[-38.16,-0.156],[-2.469,-42.176],[7.029,-0.001]],"o":[[-42.826,0],[-7.023,-0.001],[2.709,-42.642],[38.16,-0.135],[42.234,0.173],[0.416,7.1],[-43.16,0.005]],"v":[[-0.475,41.412],[-128.953,41.409],[-136.24,33.607],[-56.984,-41.265],[57.496,-41.258],[136.269,33.589],[129.003,41.409]]},"ix":2}},{"ty":"tr","a":{"a":0,"k":[0,0],"ix":1},"s":{"a":0,"k":[100,100],"ix":3},"sk":{"a":0,"k":0,"ix":4},"p":{"a":0,"k":[408.969,432.427],"ix":2},"r":{"a":0,"k":0,"ix":6},"sa":{"a":0,"k":0,"ix":5},"o":{"a":0,"k":100,"ix":7}}]},{"ty":"tm","bm":0,"hd":false,"mn":"ADBE Vector Filter - Trim","nm":"Trim Paths 1","ix":3,"e":{"a":0,"k":100,"ix":2},"o":{"a":0,"k":0,"ix":3},"s":{"a":0,"k":0,"ix":1},"m":1},{"ty":"st","bm":0,"hd":false,"mn":"ADBE Vector Graphic - Stroke","nm":"Stroke 1","lc":1,"lj":1,"ml":4,"o":{"a":0,"k":100,"ix":4},"w":{"a":0,"k":30,"ix":5},"c":{"a":0,"k":[0.8431,0.8431,0.8431],"ix":3}}],"ind":2}],"v":"5.5.4","fr":29.9700012207031,"op":30.0000012219251,"ip":0,"assets":[]}